evidence_id,platform,evidence_role,reddit_url,reddit_visible_date,question_original_summary,reply_consensus,disagreements_or_unknowns,google_query,google_collected_at,google_region,google_language,google_evidence_type,dedup_method,search_volume,frequency_classification,publish_decision
oopbuy_reddit_qc_access,Oopbuy,user_pain,https://www.reddit.com/r/oopbuy/comments/1roun46/where_to_see_qc_photos/,2026-03,Where can I see QC photos?,Users look for product-level photo access before shipping.,Seller or product photos must be distinguished from warehouse-issued QC photos; current platform path is Unknown.,,,,,,Exact Reddit URL retained; question summarized without copying the post.,Unknown,discovered_demand,official_evidence_candidate
oopbuy_reddit_extra_qc,Oopbuy,user_pain,https://www.reddit.com/r/oopbuy/comments/1rtlry4/how_to_get_more_qc_pics/,2026-03,How do I request more QC pictures?,Users want focused angle and measurement requests.,Price; free-photo allowance; deadline; and current workflow are Unknown.,,,,,,Exact Reddit URL retained; question summarized without copying the post.,Unknown,discovered_demand,hold
oopbuy_reddit_shipping,Oopbuy,user_pain,https://www.reddit.com/r/oopbuy/comments/1sy3f96/shipping_prices/,2026-04,Why is the shipping estimate high?,Discussion focuses on destination; parcel dimensions; line; and rehearsal.,No universal cost; saving percentage; formula; or current platform rule is proven.,,,,,,Exact Reddit URL retained; question summarized without copying the post.,Unknown,discovered_demand,hold
oopbuy_reddit_qc_delay,Oopbuy,user_pain,https://www.reddit.com/r/oopbuy/comments/1s4nr85/ive_been_waiting_for_qc_pictures_for_the_longest/,2026-03,Why have QC pictures not appeared yet?,Users report waiting and support delays.,No processing-time promise or cause is proven.,,,,,,Exact Reddit URL retained; question summarized without copying the post.,Unknown,discovered_demand,hold
oopbuy_reddit_product_browsing,Oopbuy,user_pain,https://www.reddit.com/r/oopbuy/comments/1sje8ec/oopbuy_spreadsheet_website_view_categories_qc/,2026-04,Spreadsheet users want categories QC and direct pages on mobile.,Posts describe spreadsheet search and website comparison tasks.,Promotional inventory counts and platform claims are not accepted as facts.,,,,,,Exact Reddit URL retained; question summarized without copying the post.,Unknown,discovered_demand,hold
oopbuy_google_qc_photos,Oopbuy,search_demand,,,,,,,oopbuy qc photos,2026-08-25T20:41:43+08:00,Unknown,en,Google Autocomplete,727 raw observations were normalized and deduplicated to 604 suggestions in the source research; this row preserves the exact included query.,Unknown,multi_source_signal,official_evidence_candidate
oopbuy_google_qc_finder,Oopbuy,search_demand,,,,,,,oopbuy qc finder,2026-08-25T20:41:43+08:00,Unknown,en,Google Autocomplete,727 raw observations were normalized and deduplicated to 604 suggestions in the source research; this row preserves the exact included query.,Unknown,google_only_signal,merge_as_query_variant
oopbuy_google_qc_viewer,Oopbuy,search_demand,,,,,,,oopbuy qc viewer,2026-08-25T20:41:43+08:00,Unknown,en,Google Autocomplete,727 raw observations were normalized and deduplicated to 604 suggestions in the source research; this row preserves the exact included query.,Unknown,google_only_signal,merge_as_query_variant
oopbuy_google_spreadsheet_qc,Oopbuy,search_demand,,,,,,,oopbuy spreadsheet with qc,2026-08-25T20:41:42+08:00,Unknown,en,Google Autocomplete,727 raw observations were normalized and deduplicated to 604 suggestions in the source research; this row preserves the exact included query.,Unknown,google_only_signal,hold
oopbuy_google_product_links,Oopbuy,search_demand,,,,,,,oopbuy product links,2026-08-25T20:41:42+08:00,Unknown,en,Google Autocomplete,727 raw observations were normalized and deduplicated to 604 suggestions in the source research; this row preserves the exact included query.,Unknown,google_only_signal,hold
